block_id,block_type,grid_width,grid_height,area_cells,area_m2,original_x,original_y,original_z,vertices,faces,file_size_mb,processing_time,deadline
2534_202_000,trestle,21,12,252,252.0,20.500473,11.561776,3.221501,9776,6546,0.2103424072265625,0.0371515750885009,2025-11-26
2534_212_000,trestle,18,18,324,324.0,18.30230800000001,18.267462,3.321001,13770,8573,0.2779998779296875,0.0368731021881103,2025-11-26
2534_221_000,trestle,16,26,416,416.0,15.805015000000004,25.807641,9.046612,24659,16302,0.5612335205078125,0.0631492137908935,2025-11-12
2534_222_000,trestle,21,18,378,378.0,20.507599,17.665499999999998,9.023295,17517,12394,0.394287109375,0.0476000308990478,2025-11-12
2534_224_000,trestle,19,26,494,494.0,18.65053499999999,25.810095,9.049638000000002,21302,14667,0.3820037841796875,0.0481355190277099,2025-10-15
2534_226_000,trestle,15,26,390,390.0,15.250197999999983,25.81068,9.022149,24342,16200,0.4145660400390625,0.0527105331420898,2025-10-15
2534_227_000,trestle,19,26,494,494.0,18.500733,25.810095,9.049638000000002,21218,14657,0.3779449462890625,0.0494470596313476,2025-08-20
2534_229_000,trestle,15,26,390,390.0,15.122130999999996,25.807999,9.03229,25517,16677,0.52783203125,0.061338186264038,2025-08-20
2534_231_000,trestle,16,21,336,336.0,15.805015000000004,20.710331,9.045765,17127,11757,0.4182891845703125,0.049159288406372,2025-07-02
2534_232_000,trestle,21,18,378,378.0,20.507599,17.665501,9.020213,17562,12311,0.3907928466796875,0.0460407733917236,2025-07-02
2534_234_000,trestle,19,21,399,399.0,18.650550999999997,20.715416,9.049642,15978,11305,0.2922210693359375,0.0398869514465332,2025-09-17
2534_236_000,trestle,15,21,315,315.0,15.250182999999993,20.712002,9.022152,19263,13007,0.33001708984375,0.0435531139373779,2025-09-17
2534_239_000,trestle,15,21,315,315.0,15.122130999999996,20.710999,9.032291,19582,13041,0.427520751953125,0.0508840084075927,2025-09-17
2534_241_000,trestle,21,17,357,357.0,20.53311199999999,17.430671,3.2230000000000003,14539,9829,0.291778564453125,0.0371394157409668,2025-12-03
2534_251_000,trestle,21,12,252,252.0,20.528014999999986,12.333519,3.220501,8039,5757,0.1794891357421875,0.0300755500793457,2025-12-03
2534_281_000,trestle,21,13,273,273.0,20.566239,13.36613,8.419939,10828,7070,0.298583984375,0.059237003326416,2025-08-06
2534_282_000,trestle,18,15,270,270.0,18.35569799999999,14.822501,8.676506999999999,11296,6716,0.28717041015625,0.0345809459686279,2025-08-06
2534_291_000,trestle,21,13,273,273.0,20.566239,13.36613,8.419942,10772,7007,0.29608154296875,0.0321767330169677,2025-08-06
2534_292_000,trestle,18,15,270,270.0,18.35569799999999,14.822501,8.676509,10828,6591,0.278289794921875,0.0322091579437255,2025-12-24
2534_40B,crane,3,41,123,123.0,2.8000029999999896,40.978002,29.612732,47829,26466,0.8016204833984375,0.0993893146514892,2025-12-03
2534_40C,crane,3,41,123,123.0,2.800003000000004,40.978002,29.613131,47881,26427,0.7947235107421875,0.1024916172027587,2025-12-03
2534_40D,crane,3,41,123,123.0,2.800003000000004,40.97818,29.61312,47788,26405,0.7898406982421875,0.1001105308532714,2025-11-26
2534_66B,crane,52,12,624,624.0,52.00516499999999,12.391007999999998,10.997480999999995,23571,15154,0.445343017578125,0.0614402294158935,2025-11-26
2534_67B,crane,52,12,624,624.0,52.20419299999999,12.39101,10.997484,23376,15095,0.4446258544921875,0.0566222667694091,2025-11-26
2535_21D,crane,21,45,945,945.0,20.56944299999998,44.999722,9.038613,44140,29739,0.994537353515625,0.1147663593292236,2025-09-24
2535_22D,crane,18,36,648,648.0,18.35569799999999,36.373882,9.049559,35801,21869,0.794464111328125,0.0872988700866699,2025-09-24
2535_40D,crane,3,41,123,123.0,2.8001859999999965,40.97818,29.61312,47943,26488,0.7989654541015625,0.1002142429351806,2025-10-29
2543_21D,crane,19,51,969,969.0,19.366150000000005,50.609604,10.453452,51387,34604,1.1926727294921875,0.1429369449615478,2025-10-29
2543_22D,crane,19,45,855,855.0,18.714477000000016,44.993062,10.450368,49433,31170,1.1410369873046875,0.1351988315582275,2025-10-29
2550_223_000,trestle,19,26,494,494.0,19.351837000000003,25.809002,9.047736,29547,19665,0.5214691162109375,0.0650665760040283,2025-12-24
2550_224_000,trestle,19,26,494,494.0,18.65019200000002,25.809004,9.039727,23859,16819,0.388427734375,0.0568206310272216,2025-12-24
2550_225_000,trestle,19,26,494,494.0,18.550018000000023,25.809002,9.020166,21426,14941,0.3719940185546875,0.0501213073730468,2025-09-24
2550_233_000,trestle,19,21,399,399.0,19.351837000000003,20.712002,9.047739,22896,15674,0.4202117919921875,0.0524628162384033,2025-09-24
2550_234_000,trestle,19,21,399,399.0,18.65019200000002,20.712002,9.040078,17201,12614,0.3004302978515625,0.0423505306243896,2025-09-24
2550_235_000,trestle,19,21,399,399.0,18.550018000000023,20.712002,9.02017,17056,12224,0.300445556640625,0.0409810543060302,2025-06-11
2550_66B,crane,52,12,624,624.0,52.00043500000001,12.391007999999998,10.997415999999998,22722,14965,0.4729461669921875,0.0566861629486084,2025-10-01
2550_67B,crane,52,12,624,624.0,52.19999700000001,12.39101,10.997484,22942,15333,0.476593017578125,0.0579490661621093,2025-10-01
2563_21D,crane,21,45,945,945.0,20.56984,44.977234,9.044652,44900,29725,1.06658935546875,0.1194691658020019,2025-10-01
2563_221_000,trestle,16,26,416,416.0,15.805142000000004,25.806132,9.045743,24937,16296,0.5744171142578125,0.067018985748291,2025-06-11
2563_222_000,trestle,21,18,378,378.0,20.50629500000001,18.489008,9.009566,17754,12567,0.451080322265625,0.0526568889617919,2025-06-11
2563_223_000,trestle,19,26,494,494.0,19.351806,25.809002,8.985999,31253,20871,0.59930419921875,0.0813729763031005,2025-10-29
2563_225_000,trestle,19,26,494,494.0,18.5634,25.809002,9.047393,21782,15361,0.4347076416015625,0.0600311756134033,2025-10-29
2563_229_000,trestle,15,26,390,390.0,15.172744999999992,25.806,9.040675,26559,17090,0.5730133056640625,0.0715649127960205,2025-08-27
2563_22D,crane,18,36,648,648.0,18.40396099999998,36.369362,9.034428,38079,22994,0.86480712890625,0.0977354049682617,2025-12-10
2563_231_000,trestle,16,21,336,336.0,15.932903999999994,20.708807,9.045794,17286,11731,0.434600830078125,0.0510060787200927,2025-08-27
2563_232_000,trestle,21,18,378,378.0,20.50629500000001,18.489002,9.008262,17900,12582,0.4435272216796875,0.0629456043243408,2025-06-25
2563_233_000,trestle,19,21,399,399.0,19.351806,20.712002,8.986002,24219,16621,0.4858245849609375,0.0656044483184814,2025-06-25
2563_235_000,trestle,19,21,399,399.0,18.5634,20.712002,9.047396,16387,12089,0.347259521484375,0.0473544597625732,2025-06-25
2563_239_000,trestle,15,21,315,315.0,15.158843999999988,20.709,9.039772,20442,13549,0.473480224609375,0.0548291206359863,2025-06-18
2567_21D,crane,21,45,945,945.0,20.556992000000008,44.99606,9.043588,44157,29733,1.0062103271484375,0.115211009979248,2025-12-10
2567_223_000,trestle,19,26,494,494.0,19.353484999999992,25.806002,9.032418,29729,19832,0.52587890625,0.0720794200897216,2025-06-18
2567_224_000,trestle,19,26,494,494.0,18.65053499999999,25.806002,9.033479000000002,20061,14464,0.4017486572265625,0.0562136173248291,2025-06-18
2567_225_000,trestle,19,26,494,494.0,18.550186000000025,25.809002,9.033856,21681,15048,0.3783416748046875,0.0546896457672119,2025-12-10
2567_228_000,trestle,18,26,468,468.0,18.404526000000004,25.808002,8.969899,26385,18049,0.5381011962890625,0.0719759464263916,2025-12-10
2567_22D,crane,18,36,648,648.0,18.355880999999982,36.369362,9.039796,36430,22259,0.8118896484375,0.0939290523529052,2025-12-24
2567_233_000,trestle,19,21,399,399.0,19.353484999999992,20.709002,9.032422,23152,15750,0.4187164306640625,0.0557191371917724,2025-08-13
2567_234_000,trestle,19,21,399,399.0,18.500809000000004,20.709002,9.033484,14918,10756,0.3137664794921875,0.0422606468200683,2025-08-13
2567_235_000,trestle,19,21,399,399.0,18.550522,20.712002,9.033922,17281,12315,0.3045501708984375,0.0409948825836181,2025-08-13
2567_238_000,trestle,18,21,378,378.0,18.404526000000004,20.711002,8.958817999999999,21247,14601,0.448944091796875,0.0582861900329589,2025-11-19
2572_91A,crane,22,39,858,858.0,22.375101,38.643636,24.736826,59703,31002,1.1148223876953125,0.1179962158203125,2025-12-24
3306_20A,crane,21,21,441,441.0,21.250021,20.800079,11.572013,73451,46272,1.21185302734375,0.1700167655944824,2025-10-08
3306_25A,crane,53,10,530,530.0,52.85000599999999,9.800987000000005,11.695,80108,55231,1.3574676513671875,0.208961009979248,2025-10-08
3307_11B,crane,25,21,525,525.0,24.988833,20.500003,5.550003,36150,21057,0.56005859375,0.0702219009399414,2025-11-19
3307_12B,crane,25,18,450,450.0,24.931775,17.789999,5.697323,32276,19388,0.542633056640625,0.0672831535339355,2025-11-19
3307_13B,crane,25,18,450,450.0,24.931587,17.790001,5.680356000000001,32799,19368,0.5606689453125,0.0676577091217041,2025-12-17
3307_20A,crane,21,21,441,441.0,21.250006000000003,20.800079,6.122002,35171,21392,0.541259765625,0.0764212608337402,2025-12-17
3307_24A,crane,33,12,396,396.0,32.850044,11.772001,11.68,62535,40999,0.8879241943359375,0.1431992053985595,2025-12-17
3307_25A,crane,53,10,530,530.0,52.667382,9.800003,9.658958,55022,34924,0.82879638671875,0.1316215991973877,2025-11-05
3307_81D,crane,30,18,540,540.0,29.879356,18.5,3.598187,37183,20016,0.601348876953125,0.0759310722351074,2025-11-05
3307_82D,crane,30,20,600,600.0,29.553009000000017,19.75605,3.6409470000000006,35562,19130,0.5923919677734375,0.0768017768859863,2025-09-03
3307_83D,crane,30,20,600,600.0,29.607910000000004,19.756699,3.6409470000000006,30700,16792,0.5297088623046875,0.0635757446289062,2025-09-03
4367_20H,crane,21,51,1071,1071.0,20.66494800000001,51.067002,31.819379,136987,90890,2.3616943359375,0.3187036514282226,2025-11-12
4373_20G,crane,17,61,1037,1037.0,16.95060699999999,61.040006000000005,35.07327,149947,93074,2.44378662109375,0.3602023124694824,2025-11-12
4373_20H,crane,17,61,1037,1037.0,17.05008000000001,61.040052,35.073269999999994,138008,83383,2.216293334960937,0.3238124847412109,2025-09-10
4373_20J,crane,19,61,1159,1159.0,18.75045800000001,61.037475,35.073345,171685,105843,2.753753662109375,0.4071054458618164,2025-09-10
4373_20K,crane,17,61,1037,1037.0,16.886550999999997,61.036934,35.248314,132555,79412,2.118621826171875,0.3170387744903564,2025-09-10
4373_20L,crane,31,61,1891,1891.0,31.10257000000001,61.043259,21.320128,232924,146847,4.0738525390625,0.625767707824707,2025-12-31
4373_20N,crane,19,61,1159,1159.0,19.432923000000017,61.055004,35.067217,161173,97990,2.821273803710937,0.3927412033081054,2025-12-31
4374_148_000,trestle,15,6,90,90.0,15.201058000000003,6.408942,16.930206000000002,10928,6608,0.1882781982421875,0.0371632575988769,2025-11-19
4374_158_000,trestle,15,6,90,90.0,15.201130000000006,6.408940999999999,16.930209999999995,10856,6569,0.1859588623046875,0.0279500484466552,2025-11-19
4374_162_000,trestle,22,8,176,176.0,21.952886,8.322030999999999,5.426123999999998,8498,5062,0.177642822265625,0.0250318050384521,2025-07-09
4374_172_000,trestle,22,8,176,176.0,21.952872,8.322032999999998,5.389651999999998,8512,5088,0.174346923828125,0.0329077243804931,2025-07-09
4374_20G,crane,17,61,1037,1037.0,16.950699000000014,61.040006000000005,35.07327,150599,93226,2.425689697265625,0.3480942249298095,2025-12-31
4374_20H,crane,17,61,1037,1037.0,17.05008000000001,61.040052,35.073269999999994,139938,84153,2.256072998046875,0.3319461345672607,2025-10-15
4374_20J,crane,19,61,1159,1159.0,18.750350999999995,61.037475,35.073307,171807,105841,2.757232666015625,0.4120361804962158,2025-10-15
4374_20K,crane,17,61,1037,1037.0,16.886550999999997,61.036934,35.067219,134322,80236,2.1480255126953125,0.3162214756011963,2025-10-15
4374_20L,crane,31,61,1891,1891.0,31.10257000000001,61.043259,21.320128,232794,146581,4.052398681640625,0.6287500858306885,2025-10-22
4374_20N,crane,19,61,1159,1159.0,19.432923000000017,61.055004,35.065345,103413,63424,1.91351318359375,0.2553167343139648,2025-10-22
4374_20Y,crane,102,61,6222,6222.0,102.345322,61.040231000000006,35.068854,686715,427059,11.2542724609375,3.083401918411255,2025-10-22
4374_643_000,trestle,17,6,102,102.0,16.62307800000002,6.257501999999999,14.34372,13187,8070,0.24310302734375,0.0386996269226074,2025-06-04
4374_645_000,trestle,21,3,63,63.0,20.701354999999975,3.395581,11.744248000000002,6787,4254,0.1224212646484375,0.0246920585632324,2025-06-04
4374_653_000,trestle,17,6,102,102.0,16.62307800000002,6.257501000000001,14.343723000000004,13300,8031,0.241119384765625,0.0330390930175781,2025-06-04
4374_655_000,trestle,21,3,63,63.0,20.701354999999975,3.395579999999999,11.744196,6694,4136,0.1215667724609375,0.0315415859222412,2025-07-30
4374_666_000,trestle,22,13,286,286.0,21.814880000000016,13.375982,5.297979999999999,14174,8691,0.297637939453125,0.0371873378753662,2025-07-30
4374_676_000,trestle,22,13,286,286.0,21.814697000000024,13.375982,5.297980000000003,14160,8656,0.2924652099609375,0.033421516418457,2025-10-08
4375_148_000,trestle,15,6,90,90.0,15.201058000000003,6.408942,16.930206000000002,10959,6614,0.1892242431640625,0.0305500030517578,2025-10-08
4375_158_000,trestle,15,6,90,90.0,15.201130000000006,6.408940999999999,16.930209999999995,10875,6558,0.1853485107421875,0.0277049541473388,2025-10-08
4375_161_000,trestle,22,19,418,418.0,21.974331000000003,19.032632,9.452476,23549,14249,0.5009002685546875,0.0572483539581298,2025-09-10
4375_162_000,trestle,22,8,176,176.0,21.952886,8.322021,5.426123999999998,8410,5063,0.176666259765625,0.0240149497985839,2025-09-10
4375_166_000,trestle,15,18,270,270.0,15.20295,17.544401999999998,6.079345,12343,7340,0.214141845703125,0.0319316387176513,2025-07-23
4375_171_000,trestle,22,19,418,418.0,21.968631,19.031279,9.452477,21901,13562,0.4694366455078125,0.0539417266845703,2025-07-23
4375_172_000,trestle,22,8,176,176.0,21.952872,8.322022999999998,5.389651999999998,8501,5071,0.174072265625,0.0262713432312011,2025-09-03
4375_176_000,trestle,15,15,225,225.0,15.202843,15.299053,6.079891,12088,7326,0.212921142578125,0.028874397277832,2025-09-03
4375_20G,crane,17,61,1037,1037.0,16.950592,61.040006000000005,35.07327,121826,77466,1.976318359375,0.292168378829956,2025-08-27
4375_20H,crane,17,61,1037,1037.0,17.05008000000001,61.040052,35.073269999999994,81065,53921,1.4453277587890625,0.2057688236236572,2025-08-27
4375_20J,crane,19,61,1159,1159.0,18.750350999999995,61.037475,35.073307,143675,90193,2.3379669189453125,0.3407642841339111,2025-09-17
4375_20K,crane,17,61,1037,1037.0,16.886550999999997,61.036934,35.067219,99771,62481,1.6891632080078125,0.2416958808898925,2025-09-17
4375_20L,crane,31,61,1891,1891.0,31.10257000000001,61.043003,20.825367,164234,103958,2.962188720703125,0.4285645484924316,2025-09-17
4375_20N,crane,19,61,1159,1159.0,19.432923000000017,61.055004,35.065345,122442,74302,2.22442626953125,0.2965919971466064,2025-12-03
4375_20Y,crane,62,61,3782,3782.0,61.96635499999999,61.040004,35.069977,83638,50332,1.3408355712890625,0.189293622970581,2025-12-03
4375_245_000,trestle,21,20,420,420.0,20.83990399999999,20.133731,5.266019,23327,15503,0.5185546875,0.0635716915130615,2025-09-03
4375_255_000,trestle,21,20,420,420.0,20.73523,20.133731,5.266021,22844,15286,0.5140533447265625,0.0607280731201171,2025-12-31
4375_285_000,trestle,21,9,189,189.0,20.944213999999988,8.782453,5.273131,9577,5885,0.204071044921875,0.0279834270477294,2025-12-31
4375_287_000,trestle,22,20,440,440.0,21.970245000000038,20.247591,5.292964,12145,7006,0.2415313720703125,0.0326974391937255,2025-12-17
4375_295_000,trestle,21,9,189,189.0,20.944213999999988,8.782356,5.2730950000000005,9561,5875,0.2043304443359375,0.0315310955047607,2025-12-17
4375_297_000,trestle,22,22,484,484.0,21.97128299999997,21.881127,5.296267,12598,7307,0.253692626953125,0.0340025424957275,2025-10-22
4375_642_000,trestle,15,4,60,60.0,15.00410499999998,3.605837999999999,14.337206000000002,9073,5432,0.16375732421875,0.0255086421966552,2025-10-22
4375_643_000,trestle,17,6,102,102.0,16.62307800000002,6.257501999999999,14.34372,13191,8078,0.2432403564453125,0.0350914001464843,2025-10-22
4375_646_000,trestle,22,8,176,176.0,21.804290999999974,8.432646000000002,9.172827000000002,12132,6985,0.2224273681640625,0.0317580699920654,2025-11-05
4375_647_000,trestle,22,13,286,286.0,21.817718000000013,13.48514,6.591868999999999,14592,8154,0.3067626953125,0.0379900932312011,2025-11-05
4375_652_000,trestle,15,4,60,60.0,15.00410499999998,3.6058309999999993,14.337208999999998,8904,5215,0.157470703125,0.0250875949859619,2025-07-16
4375_653_000,trestle,17,6,102,102.0,16.62307800000002,6.257501000000001,14.343723000000004,13290,8044,0.2420501708984375,0.0390393733978271,2025-07-16
4375_656_000,trestle,22,8,176,176.0,21.804290999999974,8.432646000000002,9.175489999999996,11972,6830,0.2168731689453125,0.0365359783172607,2025-10-01
4375_657_000,trestle,22,13,286,286.0,21.82089200000001,13.485139,6.591873,14719,8191,0.3076934814453125,0.035750389099121,2025-10-01
4375_665_000,trestle,21,6,126,126.0,20.939666999999982,5.940735,5.280085,8334,5028,0.1739654541015625,0.0247824192047119,2025-10-01
4375_666_000,trestle,22,13,286,286.0,21.813354000000004,13.375982,5.298256000000002,12833,7341,0.25872802734375,0.0335161685943603,2025-11-26
4375_667_000,trestle,22,20,440,440.0,22.127501999999996,20.045661000000003,5.298255999999999,13946,8117,0.285308837890625,0.0341582298278808,2025-11-26
4375_675_000,trestle,21,6,126,126.0,20.939666999999982,5.940735,5.272009000000001,8433,5069,0.1737823486328125,0.0257093906402587,2025-11-26
4375_676_000,trestle,22,13,286,286.0,21.81298800000002,13.375982,5.295542000000001,12810,7372,0.259368896484375,0.0319271087646484,2025-11-12
4375_677_000,trestle,22,20,440,440.0,22.127501999999996,20.060371,5.297768000000001,13927,8083,0.2871551513671875,0.0360398292541503,2025-11-12
4375_685_000,trestle,21,8,168,168.0,20.946349999999995,7.666739999999997,5.274361999999998,8479,5282,0.1858062744140625,0.0328524112701416,2025-10-15
4375_687_000,trestle,22,25,550,550.0,21.989837000000023,25.301981,5.295428000000001,15893,8817,0.3081207275390625,0.0375392436981201,2025-10-15
4375_695_000,trestle,21,8,168,168.0,20.943817000000024,7.666740999999998,5.274351999999999,8570,5287,0.183074951171875,0.0268614292144775,2025-08-20
4375_697_000,trestle,22,27,594,594.0,21.989837000000023,26.921752,5.298233,16125,8984,0.31353759765625,0.0388240814208984,2025-08-20
4376_125_000,trestle,14,6,84,84.0,13.800003000000004,6.247501999999997,9.149255999999998,5478,3178,0.10528564453125,0.0165481567382812,2025-08-20
4376_135_000,trestle,14,6,84,84.0,13.800003000000004,6.247501,9.149259,5265,3008,0.1011962890625,0.0165076255798339,2025-07-02
4376_148_000,trestle,15,6,90,90.0,15.201058000000003,6.408942,16.930206000000002,10932,6618,0.1889801025390625,0.0270862579345703,2025-07-02
4376_158_000,trestle,15,6,90,90.0,15.201130000000006,6.408940999999999,16.930209999999995,10499,6391,0.180938720703125,0.026005744934082,2025-07-02
4376_162_000,trestle,22,8,176,176.0,21.952886,8.322021,5.426123999999998,8491,5065,0.17730712890625,0.0236437320709228,2025-09-17
4376_163_000,trestle,22,3,66,66.0,21.956850000000003,3.368610999999998,11.744211999999996,5832,3535,0.1199188232421875,0.0269110202789306,2025-09-17
4376_166_000,trestle,15,18,270,270.0,15.20295,17.544401999999998,6.079345,12302,7322,0.2131195068359375,0.0423033237457275,2025-12-03
4376_172_000,trestle,22,8,176,176.0,21.952872,8.322022999999998,5.389651999999998,8476,5066,0.1739044189453125,0.0239791870117187,2025-12-03
4376_173_000,trestle,22,3,66,66.0,21.955,3.3686099999999968,11.744215,5773,3462,0.11798095703125,0.0189697742462158,2025-08-06
4376_176_000,trestle,15,15,225,225.0,15.202843,15.299053,6.079891,12078,7322,0.21246337890625,0.0308578014373779,2025-08-06
4376_20G,crane,17,61,1037,1037.0,16.95062200000001,61.040006000000005,35.07327,150580,93201,2.4273834228515625,0.3452942371368408,2025-12-03
4376_20H,crane,17,61,1037,1037.0,17.05008000000001,61.040052,35.073269999999994,91841,57150,1.5378875732421875,0.2257344722747802,2025-11-26
4376_20J,crane,19,61,1159,1159.0,18.601287999999983,61.036089,35.067217,99029,60131,1.5446014404296875,0.2201263904571533,2025-11-26
4376_20K,crane,17,61,1037,1037.0,16.886550999999997,61.036934,35.067219,134289,80243,2.1446685791015625,0.317903995513916,2025-09-24
4376_20L,crane,31,61,1891,1891.0,31.10257000000001,61.043259,21.320128,203135,127479,3.579818725585937,0.5184388160705566,2025-09-24
4376_20N,crane,19,61,1159,1159.0,19.432923000000017,61.055004,35.065345,146847,87011,2.5421142578125,0.3480188846588135,2025-09-24
4376_20P,crane,21,61,1281,1281.0,21.052490000000034,61.056004,35.067199,193224,118402,3.540390014648437,0.5013856887817383,2025-10-29
4376_20Y,crane,17,61,1037,1037.0,16.950225999999986,61.005584,5.267004,29907,20846,0.575897216796875,0.0800607204437255,2025-10-29
4376_266_000,trestle,22,19,418,418.0,22.031311000000017,18.869705,5.281417,15403,9333,0.2993316650390625,0.0389406681060791,2025-12-24
4376_276_000,trestle,22,19,418,418.0,22.031311000000017,18.880019,5.288987999999999,15345,9276,0.297088623046875,0.0391957759857177,2025-12-24
4376_286_000,trestle,22,19,418,418.0,21.815428999999995,18.790163,5.299524999999999,13838,8370,0.2725372314453125,0.0366532802581787,2025-09-24
4376_287_000,trestle,22,20,440,440.0,21.970245000000038,20.247591,5.292964,12106,7025,0.241668701171875,0.0343914031982421,2025-09-24
4376_296_000,trestle,22,19,418,418.0,21.815155000000004,18.790161,5.299944,13863,8345,0.2750701904296875,0.0376062393188476,2025-06-11
4376_297_000,trestle,22,22,484,484.0,21.97128299999997,21.881127,5.296267,12583,7291,0.252838134765625,0.0345895290374755,2025-06-11
4376_642_000,trestle,15,4,60,60.0,15.00410499999998,3.605837999999999,14.337206000000002,9016,5407,0.1627655029296875,0.0295140743255615,2025-06-11
4376_643_000,trestle,17,6,102,102.0,16.62307800000002,6.257501999999999,14.34372,13191,8089,0.2424468994140625,0.0351433753967285,2025-10-29
4376_646_000,trestle,22,8,176,176.0,21.804290999999974,8.432646000000002,9.172827000000002,12155,6977,0.222747802734375,0.0315363407135009,2025-10-29
4376_647_000,trestle,22,13,286,286.0,21.817688000000032,13.48514,6.611424999999997,14685,8169,0.30743408203125,0.0368778705596923,2025-08-27
4376_652_000,trestle,15,4,60,60.0,15.00410499999998,3.6058309999999993,14.337208999999998,8925,5226,0.1570892333984375,0.0262696743011474,2025-08-27
4376_653_000,trestle,17,6,102,102.0,16.62307800000002,6.257501000000001,14.343723000000004,13243,8032,0.2423095703125,0.0393128395080566,2025-06-25
4376_656_000,trestle,22,8,176,176.0,21.804290999999974,8.432646000000002,9.175489999999996,11995,6824,0.216583251953125,0.0301299095153808,2025-06-25
4376_657_000,trestle,22,13,286,286.0,21.820862000000037,13.485139,6.611429000000001,14498,8100,0.305419921875,0.0381162166595459,2025-06-18
4376_666_000,trestle,22,13,286,286.0,21.813354000000004,13.375982,5.298256000000002,12826,7330,0.258941650390625,0.0360908508300781,2025-06-18
4376_667_000,trestle,22,20,440,440.0,22.127501999999996,20.045661000000003,5.298508000000002,14046,8145,0.28564453125,0.0351243019104003,2025-06-18
4376_676_000,trestle,22,13,286,286.0,21.81298800000002,13.375982,5.295542000000001,12824,7377,0.25927734375,0.0357043743133544,2025-12-10
4376_677_000,trestle,22,20,440,440.0,22.127501999999996,20.060371,5.297768000000001,13903,8080,0.28717041015625,0.0376973152160644,2025-12-10
4376_686_000,trestle,22,17,374,374.0,21.81384300000002,16.673652000000004,5.294922,15243,9146,0.30450439453125,0.0413165092468261,2025-08-13
4376_687_000,trestle,22,25,550,550.0,21.989837000000023,25.301981,5.295428000000001,15821,8789,0.3070831298828125,0.0409469604492187,2025-08-13
4376_696_000,trestle,22,17,374,374.0,21.81228699999997,16.673650000000002,5.297756,15267,9149,0.302337646484375,0.0412204265594482,2025-08-13
4376_697_000,trestle,22,27,594,594.0,21.989837000000023,26.921752,5.298233,16306,9061,0.3154144287109375,0.040520429611206,2025-11-19
4377_125_000,trestle,14,6,84,84.0,13.800003000000004,6.247501999999997,9.149255999999998,5454,3180,0.1049346923828125,0.0379855632781982,2025-11-19
4377_135_000,trestle,14,6,84,84.0,13.800003000000004,6.247501,9.149259,5220,3004,0.101043701171875,0.0172555446624755,2025-11-19
4377_148_000,trestle,15,6,90,90.0,15.200966,6.408942,16.930206000000002,11513,7172,0.2026214599609375,0.0288796424865722,2025-07-09
4377_158_000,trestle,15,6,90,90.0,15.200707,6.408940999999999,16.930209999999995,11645,7135,0.199920654296875,0.0283081531524658,2025-07-09
4377_162_000,trestle,22,8,176,176.0,21.952886,8.322021,5.426123999999998,8433,5046,0.1769561767578125,0.0238406658172607,2025-06-04
4377_163_000,trestle,22,3,66,66.0,21.956850000000003,3.368610999999998,11.744211999999996,6274,3759,0.1263275146484375,0.0209317207336425,2025-06-04
4377_166_000,trestle,15,18,270,270.0,15.20295,17.544401999999998,6.079345,12354,7321,0.213714599609375,0.0293014049530029,2025-07-30
4377_172_000,trestle,22,8,176,176.0,21.952872,8.322022999999998,5.389651999999998,8488,5071,0.1746063232421875,0.024531602859497,2025-07-30
4377_173_000,trestle,22,3,66,66.0,21.955,3.3686099999999968,11.744215,6178,3667,0.124176025390625,0.018007755279541,2025-07-30
4377_176_000,trestle,15,15,225,225.0,15.202843,15.299053,6.079891,12034,7311,0.2123870849609375,0.0315430164337158,2025-10-08
4377_20G,crane,17,61,1037,1037.0,16.95062200000001,61.040006000000005,35.07327,150584,93195,2.423324584960937,0.3974282741546631,2025-10-01
4377_20H,crane,17,61,1037,1037.0,17.05008000000001,61.040052,35.073269999999994,140434,84433,2.22088623046875,0.348499059677124,2025-10-01
4377_20J,crane,19,61,1159,1159.0,18.75045800000001,61.037475,35.073307,143705,90210,2.33013916015625,0.338355541229248,2025-12-10
4377_20K,crane,17,61,1037,1037.0,16.886550999999997,61.036934,35.067219,110132,67550,1.819549560546875,0.261216402053833,2025-12-10
4377_20L,crane,31,61,1891,1891.0,31.10257000000001,61.043259,21.320128,217363,136859,3.8084564208984375,0.5997457504272461,2025-12-24
4377_20N,crane,19,61,1159,1159.0,19.432923000000017,61.055004,35.067217,163209,98628,2.840606689453125,0.406421422958374,2025-12-24
4377_20P,crane,21,61,1281,1281.0,21.049132999999983,61.056004,35.067199,190567,116965,3.4563446044921875,0.5142929553985596,2025-10-08
4377_20Y,crane,102,61,6222,6222.0,102.495499,61.040231000000006,35.073227,960505,597285,15.5361328125,5.223613262176514,2025-10-08
4377_246_000,trestle,22,21,462,462.0,21.835631999999976,20.562507,5.26729,24439,15235,0.510650634765625,0.07582688331604,2025-10-08
4377_256_000,trestle,22,19,418,418.0,21.835631999999976,18.720359,5.267295,21637,13609,0.453369140625,0.0575575828552246,2025-10-08
4377_266_000,trestle,22,19,418,418.0,22.031311000000017,18.869705,5.281417,15407,9322,0.29803466796875,0.03806734085083,2025-09-10
4377_276_000,trestle,22,19,418,418.0,22.031311000000017,18.880019,5.288987999999999,15096,9149,0.2947845458984375,0.0386872291564941,2025-09-10
4377_286_000,trestle,22,19,418,418.0,21.815428999999995,18.790163,5.299524999999999,13820,8354,0.272705078125,0.0360989570617675,2025-09-10
4377_287_000,trestle,22,20,440,440.0,21.970245000000038,20.247591,5.292964,12155,7036,0.242645263671875,0.0341231822967529,2025-07-23
4377_296_000,trestle,22,19,418,418.0,21.815155000000004,18.790161,5.299944,13579,8206,0.270355224609375,0.0364913940429687,2025-07-23
4377_297_000,trestle,22,31,682,682.0,21.97128299999997,31.146558,5.296267,12519,7279,0.2522735595703125,0.0342020988464355,2025-07-23
4377_642_000,trestle,15,4,60,60.0,15.00410499999998,3.605837999999999,14.337206000000002,9022,5415,0.1626739501953125,0.028238296508789,2025-09-03
4377_643_000,trestle,17,6,102,102.0,16.62307800000002,6.257501999999999,14.34372,13172,8092,0.2435150146484375,0.0366144180297851,2025-09-03
4377_646_000,trestle,22,8,176,176.0,21.804290999999974,8.432646000000002,9.172827000000002,12173,7028,0.224365234375,0.0354337692260742,2025-09-03
4377_647_000,trestle,22,13,286,286.0,21.817718000000013,13.48514,6.591868999999999,14636,8160,0.3067626953125,0.0379559993743896,2025-12-31
4377_652_000,trestle,15,4,60,60.0,15.00410499999998,3.6058309999999993,14.337208999999998,8908,5231,0.15771484375,0.027024507522583,2025-12-31
4377_653_000,trestle,17,6,102,102.0,16.62307800000002,6.257501000000001,14.343723000000004,13310,8047,0.2420806884765625,0.03554368019104,2025-12-17
4377_656_000,trestle,22,8,176,176.0,21.804290999999974,8.432646000000002,9.175489999999996,11962,6822,0.2177276611328125,0.0299310684204101,2025-12-17
4377_657_000,trestle,22,13,286,286.0,21.82089200000001,13.485139,6.591873,14465,8094,0.30517578125,0.0353839397430419,2025-10-22
4377_666_000,trestle,22,13,286,286.0,21.813354000000004,13.375982,5.298256000000002,12844,7339,0.259307861328125,0.0349435806274414,2025-10-22
4377_667_000,trestle,22,20,440,440.0,22.127501999999996,20.045661000000003,5.298255999999999,13947,8109,0.285247802734375,0.0350425243377685,2025-11-05
4377_676_000,trestle,22,13,286,286.0,21.81298800000002,13.375982,5.295542000000001,12645,7291,0.2570037841796875,0.0353753566741943,2025-11-05
4377_677_000,trestle,22,20,440,440.0,22.127501999999996,20.060371,5.297768000000001,13645,7971,0.28466796875,0.0365450382232666,2025-07-16
4377_686_000,trestle,22,17,374,374.0,21.81384300000002,16.673652000000004,5.274092999999999,15309,9140,0.304656982421875,0.0388064384460449,2025-07-16
4377_687_000,trestle,22,25,550,550.0,21.989837000000023,25.301981,5.295428000000001,15897,8795,0.3079833984375,0.0380458831787109,2025-07-16
4377_696_000,trestle,22,17,374,374.0,21.81228699999997,16.673650000000002,5.297756,14926,8990,0.297882080078125,0.0366480350494384,2025-10-01
4377_697_000,trestle,22,41,902,902.0,21.989837000000023,41.247253,5.298233,16245,9033,0.3140106201171875,0.0402109622955322,2025-10-01
4381_20H,crane,22,51,1122,1122.0,21.77211,51.042004000000006,29.809995,107052,67284,2.0084686279296875,0.2585837841033935,2025-10-08
4383_169_000,trestle,22,4,88,88.0,21.80069,3.5319010000000013,13.104913,7391,4390,0.137542724609375,0.0222465991973876,2025-11-26
4383_179_000,trestle,22,4,88,88.0,21.80069,3.530669000000003,13.104913999999996,7205,4319,0.134918212890625,0.0228376388549804,2025-11-26
4383_20A,crane,19,51,969,969.0,18.83461,51.042004000000006,29.817922,84814,54587,1.680633544921875,0.2072978019714355,2025-11-19
4383_20B,crane,21,51,1071,1071.0,21.350630999999996,51.032962,29.814996,92691,59354,1.7462158203125,0.2267494201660156,2025-11-19
4383_20C,crane,22,51,1122,1122.0,21.90459399999999,51.042004000000006,29.813004,149175,95654,2.6347808837890625,0.3714268207550049,2025-11-19
4383_20D,crane,22,51,1122,1122.0,21.90115399999999,51.162644,29.812996,137329,89251,2.40228271484375,0.3351442813873291,2025-12-17
4383_20E,crane,22,51,1122,1122.0,21.90235899999999,51.038622,29.812996,134972,84889,2.358612060546875,0.3671808242797851,2025-12-17
4383_20F,crane,22,51,1122,1122.0,22.029799999999994,51.036004,29.812996,92681,59826,1.7244415283203125,0.2289676666259765,2025-12-17
4383_20H,crane,21,51,1071,1071.0,20.66494800000001,51.067002,31.819379,136935,90886,2.361434936523437,0.3392188549041748,2025-11-05
4383_227_000,trestle,16,26,416,416.0,16.311630000000008,26.22169,6.125368,27669,16549,0.4933929443359375,0.0657176971435546,2025-11-12
4383_237_000,trestle,16,21,336,336.0,16.311630000000008,21.126401,6.125347,21968,12808,0.392364501953125,0.0531375408172607,2025-11-12
4383_627_000,trestle,16,6,96,96.0,16.10270699999998,5.761002000000001,18.893425,13877,8306,0.23583984375,0.0426251888275146,2025-10-15
4383_629_000,trestle,22,6,132,132.0,21.701827999999978,5.957021999999999,10.209017,7600,4489,0.1432647705078125,0.0365400314331054,2025-10-15
4383_637_000,trestle,16,6,96,96.0,16.10270699999998,5.761002000000001,18.893425,13683,8204,0.2417449951171875,0.0335888862609863,2025-08-20
4383_639_000,trestle,22,6,132,132.0,21.701827999999978,5.957052000000001,10.209110000000004,7691,4548,0.140838623046875,0.0222957134246826,2025-08-20
4383_642_000,trestle,21,16,336,336.0,20.83462600000001,15.633438,9.360142,18063,10033,0.374847412109375,0.0434730052947998,2025-07-02
4383_652_000,trestle,21,16,336,336.0,20.83340499999997,15.633363,9.360138,17993,9911,0.3688507080078125,0.041581392288208,2025-07-02
4383_661_000,trestle,20,15,300,300.0,19.676422,15.186968,6.789369000000001,11755,6681,0.2403717041015625,0.0353047847747802,2025-09-17
4383_671_000,trestle,20,15,300,300.0,19.676422,15.187176,6.78937,11612,6593,0.241455078125,0.0311124324798584,2025-09-17
4384_20F,crane,19,51,969,969.0,18.650589,51.041962,31.815997,102703,64944,1.7246246337890625,0.234116792678833,2025-11-05
4384_20G,crane,19,51,969,969.0,18.652389000000028,51.070004,31.815879,119582,81049,1.9887847900390625,0.2875063419342041,2025-09-03
4384_20H,crane,37,51,1887,1887.0,37.367355,51.035882,22.9905,264153,174047,5.5005645751953125,0.917322874069214,2025-09-03
4384_20K,crane,19,51,969,969.0,19.053206999999983,51.060002,19.058527,7562,4571,0.14447021484375,0.0320417881011962,2025-09-03
4384_283_000,trestle,22,13,286,286.0,21.88031000000001,13.187159,6.78603,13930,8201,0.2829132080078125,0.036966323852539,2025-12-03
4384_293_000,trestle,22,13,286,286.0,21.88031000000001,13.18716,6.786029999999999,14033,8198,0.283172607421875,0.0359432697296142,2025-12-03
4384_683_000,trestle,22,15,330,330.0,21.86596700000001,15.145712,6.792319000000001,15190,9453,0.3128509521484375,0.037107229232788,2025-08-06
4384_693_000,trestle,22,15,330,330.0,21.86596700000001,15.14571,6.793019999999999,15303,9488,0.3144073486328125,0.0358831882476806,2025-08-06
4385_161_000,trestle,22,16,352,352.0,21.81088,16.391043000000003,10.655520999999998,20333,12692,0.462677001953125,0.0516121387481689,2025-12-24
4385_171_000,trestle,22,16,352,352.0,21.81088,16.391,10.655133,19945,12473,0.4532623291015625,0.0562295913696289,2025-12-24
4385_20F,crane,3,44,132,132.0,2.7763060000000053,44.312269,29.576622,44332,25094,0.719085693359375,0.0935237407684326,2025-11-12
4385_20G,crane,19,51,969,969.0,18.652389000000028,51.070004,31.815879,119549,81049,1.9887542724609373,0.2733039855957031,2025-11-12
4385_20H,crane,37,51,1887,1887.0,37.367355,51.035882,22.9905,230588,143286,4.174163818359375,0.6216273307800293,2025-09-10
4385_20K,crane,19,51,969,969.0,19.46968100000001,51.060002,31.812927,77953,49983,1.43890380859375,0.1907358169555664,2025-09-10
4385_20Y,crane,98,51,4998,4998.0,98.06424,51.070004,31.815997,436070,272756,7.6280517578125,1.6604957580566406,2025-12-31
4385_242_000,trestle,21,20,420,420.0,20.654968000000054,20.15191,6.130477,24149,15425,0.46630859375,0.0574197769165039,2025-12-24
4385_252_000,trestle,21,14,294,294.0,20.654968000000054,14.470272,6.128269,15531,9873,0.314697265625,0.0390076637268066,2025-09-24
4385_282_000,trestle,21,13,273,273.0,20.676787999999988,13.055692,6.807843999999999,13751,8887,0.266632080078125,0.0335259437561035,2025-09-24
4385_292_000,trestle,21,13,273,273.0,20.676787999999988,13.055692,6.806416,13808,8875,0.2634124755859375,0.0325376987457275,2025-06-11
4385_629_000,trestle,17,6,102,102.0,16.981049000000013,5.773501,20.910789,13184,8409,0.25927734375,0.0517826080322265,2025-06-11
4385_639_000,trestle,17,6,102,102.0,16.708054000000004,5.773501,20.900351,13070,8464,0.26019287109375,0.0430595874786376,2025-10-29
4385_642_000,trestle,21,4,84,84.0,20.651184,3.613350000000001,9.312907,3925,2447,0.0837249755859375,0.0155544281005859,2025-10-29
4385_643_000,trestle,22,8,176,176.0,21.862914999999987,8.474853,9.313484,13370,7753,0.2720794677734375,0.0393328666687011,2025-10-29
4385_644_000,trestle,22,18,396,396.0,21.84609999999998,17.991393,9.335949,22620,13136,0.53802490234375,0.0588552951812744,2025-08-27
4385_652_000,trestle,21,4,84,84.0,20.651184,3.613350000000001,9.313110000000002,3909,2387,0.0800628662109375,0.0144906044006347,2025-08-27
4385_653_000,trestle,22,8,176,176.0,21.864806999999985,8.474842000000002,9.313485,13413,7706,0.2684173583984375,0.0337851047515869,2025-08-27
4385_654_000,trestle,22,18,396,396.0,21.84609999999998,17.991395,9.335951,22362,12945,0.5365753173828125,0.0588719844818115,2025-06-25
4385_682_000,trestle,21,10,210,210.0,20.666473,10.093464999999998,5.880232999999999,10603,6405,0.2228240966796875,0.0357563495635986,2025-06-25
4385_683_000,trestle,22,15,330,330.0,21.86596700000001,15.145712,6.792319000000001,15196,9452,0.3128204345703125,0.0361607074737548,2025-06-18
4385_692_000,trestle,21,10,210,210.0,20.666473,10.093497,5.880005000000002,10533,6348,0.21954345703125,0.0329623222351074,2025-06-18
4385_693_000,trestle,22,15,330,330.0,21.86596700000001,15.14571,6.793019999999999,15291,9484,0.314208984375,0.0381348133087158,2025-12-10
4386_183_000,trestle,3,21,63,63.0,2.538214,21.29243,7.875913000000001,4677,2761,0.106719970703125,0.0152316093444824,2025-12-10
4386_193_000,trestle,3,20,60,60.0,2.538214,19.592431,7.875847,4144,2436,0.0960693359375,0.0140297412872314,2025-12-10
4386_20A,crane,217,511,110887,110887.0,216.700867,510.700043,319.432341,55075,58611,1.3931121826171875,0.2751805782318115,2025-12-31
4386_20B,crane,19,51,969,969.0,19.051499000000007,51.070004,26.718911,34178,21433,0.5656585693359375,0.0779774188995361,2025-10-15
4386_20C,crane,19,51,969,969.0,18.65146700000001,50.894622,31.814996,81317,48228,1.291046142578125,0.1773962974548339,2025-10-15
4386_20D,crane,208,511,106288,106288.0,208.01208500000007,510.700043,318.160059,214782,173254,3.684051513671875,1.505967140197754,2025-10-15
4386_20E,crane,19,51,969,969.0,19.201767000000014,51.070004,29.981004,52130,35874,0.902252197265625,0.1290428638458252,2025-10-22
4386_20F,crane,17,44,748,748.0,17.32630900000001,44.316572,29.579034,83986,45541,1.2974853515625,0.1726362705230713,2025-10-22
4386_20G,crane,3,44,132,132.0,2.776320999999996,44.316524,29.574496,38810,20122,0.5990447998046875,0.0858337879180908,2025-10-22
4386_20H,crane,37,51,1887,1887.0,37.367355,51.035882,22.9905,228959,141598,4.096710205078125,0.6230170726776123,2025-08-27
4386_20K,crane,19,51,969,969.0,19.46968100000001,51.060002,31.813015,113104,68390,1.9110107421875,0.2651441097259521,2025-08-27
4386_282_000,trestle,21,13,273,273.0,20.676787999999988,13.055692,6.807105000000001,13080,7908,0.24505615234375,0.0398955345153808,2025-08-13
4386_292_000,trestle,21,13,273,273.0,20.676787999999988,13.055692,6.807106,13088,7935,0.2438812255859375,0.0364761352539062,2025-08-13
4386_628_000,trestle,21,6,126,126.0,21.063782000000003,5.773501,23.795231,15841,10209,0.28314208984375,0.03953218460083,2025-11-19
4386_629_000,trestle,17,6,102,102.0,16.708054000000004,5.773501,20.910862,13038,8285,0.2407989501953125,0.0355610847473144,2025-11-19
4386_638_000,trestle,21,6,126,126.0,21.063782000000003,5.773501,23.795307,16060,10216,0.2886962890625,0.0387251377105712,2025-11-19
4386_639_000,trestle,17,6,102,102.0,16.708054000000004,5.773501,20.900351,13006,8332,0.2443084716796875,0.0339269638061523,2025-07-09
4386_662_000,trestle,21,6,126,126.0,20.87378000000001,5.942473999999997,5.879999999999999,7954,4840,0.1587066650390625,0.0259084701538085,2025-07-09
4386_663_000,trestle,22,16,352,352.0,21.92535399999997,15.758301,6.798166999999999,15655,9046,0.311492919921875,0.0390427112579345,2025-07-09
4386_672_000,trestle,21,6,126,126.0,20.87378000000001,5.942474999999998,5.8799990000000015,7977,4823,0.15936279296875,0.0289309024810791,2025-06-04
4386_673_000,trestle,22,16,352,352.0,21.924285,15.758299,6.7984100000000005,15663,9039,0.3122406005859375,0.0400829315185546,2025-06-04
4386_682_000,trestle,21,10,210,210.0,20.666473,10.093464999999998,5.880232999999999,10609,6384,0.22174072265625,0.0316407680511474,2025-07-30
4386_692_000,trestle,21,10,210,210.0,20.666473,10.093497,5.880005000000002,10556,6361,0.219573974609375,0.0311832427978515,2025-07-30
4387_20A,crane,21,51,1071,1071.0,20.78924600000001,51.070004,31.811038,129495,78854,2.28350830078125,0.310340404510498,2025-08-27
4387_20B,crane,19,51,969,969.0,19.207107000000008,51.070004,31.815997,129216,78714,2.160614013671875,0.3125019073486328,2025-09-17
4387_20C,crane,19,51,969,969.0,18.651474000000007,51.070004,31.815995,138355,85028,2.176300048828125,0.3195321559906006,2025-09-17
4387_20D,crane,23,51,1173,1173.0,23.264466,51.070004,31.815997,122244,77121,2.064559936523437,0.3058607578277588,2025-12-03
4387_20E,crane,19,51,969,969.0,19.201767000000014,51.070004,31.815997,129224,82316,2.177703857421875,0.306063175201416,2025-12-03
4387_20F,crane,19,51,969,969.0,18.662598000000003,51.070004,31.815997,186146,113526,2.983978271484375,0.4601826667785644,2025-11-26
4387_20G,crane,19,51,969,969.0,18.651718000000017,51.070004,31.815997,111910,69894,1.888946533203125,0.269660472869873,2025-11-26
4387_20H,crane,37,51,1887,1887.0,37.367355,51.035882,22.9905,229329,141998,4.08709716796875,0.6046957969665527,2025-11-26
4387_20K,crane,19,51,969,969.0,19.46968100000001,51.060002,31.813018,113417,68931,1.9549407958984373,0.2584762573242187,2025-09-24
4387_242_000,trestle,21,20,420,420.0,20.654968000000054,20.15191,6.130477,24146,15348,0.4660186767578125,0.0632107257843017,2025-10-08
4387_252_000,trestle,21,15,315,315.0,20.655029000000013,14.599351,6.128269,15657,9909,0.311187744140625,0.0381255149841308,2025-10-08
4387_283_000,trestle,22,13,286,286.0,21.879181000000017,13.187178,6.78603,13368,7866,0.2506256103515625,0.0336332321166992,2025-09-10
4387_293_000,trestle,22,13,286,286.0,21.878997999999967,13.187179,6.786029999999999,13374,7845,0.250152587890625,0.0330522060394287,2025-09-10
4387_628_000,trestle,21,6,126,126.0,21.063782000000003,5.773501,23.795231,15899,10248,0.2894439697265625,0.0372908115386962,2025-09-10
4387_629_000,trestle,17,6,102,102.0,16.708054000000004,5.773501,20.910862,13073,8307,0.241851806640625,0.0351197719573974,2025-07-23
4387_638_000,trestle,21,6,126,126.0,21.063782000000003,5.773501,23.795307,16137,10270,0.28802490234375,0.0390472412109375,2025-07-23
4387_639_000,trestle,17,6,102,102.0,16.708054000000004,5.773501,20.900351,13071,8362,0.2445068359375,0.0337343215942382,2025-07-23
4387_644_000,trestle,22,18,396,396.0,21.84609999999998,17.991393,9.335949,22099,12461,0.4629669189453125,0.050948143005371,2025-09-03
4387_654_000,trestle,22,18,396,396.0,21.84609999999998,17.991281,9.335951,21758,12267,0.4543609619140625,0.0494582653045654,2025-09-03
4387_664_000,trestle,22,19,418,418.0,22.064666999999982,18.686863,6.817796999999999,14685,8353,0.2851104736328125,0.0360550880432128,2025-09-03
4387_674_000,trestle,22,19,418,418.0,22.06478900000002,18.686826,6.817800999999999,14257,8133,0.281402587890625,0.0372190475463867,2025-12-31
4387_682_000,trestle,21,10,210,210.0,20.666473,10.093464999999998,5.880232999999999,10612,6390,0.2234649658203125,0.0311310291290283,2025-12-31
4387_683_000,trestle,22,15,330,330.0,21.865875000000017,15.179106999999998,6.791331999999999,14667,8559,0.2907562255859375,0.0365931987762451,2025-12-31
4387_692_000,trestle,21,10,210,210.0,20.666473,10.093497,5.880005000000002,10541,6342,0.219512939453125,0.0334770679473876,2025-12-17
4387_693_000,trestle,22,15,330,330.0,21.86584499999998,15.179105,6.791337,14622,8486,0.289276123046875,0.0361082553863525,2025-12-17
4388_126_000,trestle,14,6,84,84.0,14.150002,6.360000000000003,9.312825,5174,3077,0.1015167236328125,0.0185801982879638,2025-12-17
4388_136_000,trestle,14,6,84,84.0,14.150002,6.360000999999997,9.313323999999998,5302,3080,0.102264404296875,0.0159986019134521,2025-10-22
4388_149_000,trestle,15,4,60,60.0,14.600944999999996,3.532821000000002,15.104118999999995,6626,3855,0.119171142578125,0.0254371166229248,2025-10-22
4388_159_000,trestle,15,4,60,60.0,14.600944999999996,3.5328219999999995,15.104110000000002,6418,3679,0.1138763427734375,0.0210092067718505,2025-11-05
4388_162_000,trestle,22,4,88,88.0,21.850489,3.531549000000002,12.209829000000004,6467,4045,0.1313018798828125,0.0402772426605224,2025-11-05
4388_172_000,trestle,22,4,88,88.0,21.850489,3.5315499999999997,12.209829000000004,6570,4072,0.1300811767578125,0.0203948020935058,2025-07-16
4388_20F,crane,19,51,969,969.0,18.75624099999999,51.050003,31.816978,190427,118891,3.401351928710937,0.5039529800415039,2025-09-24
4388_20G,crane,21,51,1071,1071.0,20.709351,51.050003,31.814998,127540,82324,2.44830322265625,0.337155818939209,2025-10-29
4388_20H,crane,35,51,1785,1785.0,34.92010500000001,51.038782,21.26036,210009,133091,3.9046478271484375,0.5707094669342041,2025-10-29
4388_20K,crane,19,51,969,969.0,19.398056000000025,51.050003,31.81146,102657,63475,1.8839111328125,0.2510726451873779,2025-10-29
4388_20L,crane,21,51,1071,1071.0,20.88845799999996,51.050003,31.810999,151788,92656,2.7764129638671875,0.3775744438171386,2025-10-01
4388_20Y,crane,98,51,4998,4998.0,98.366012,51.050003,31.817941,709859,459117,13.119354248046877,3.600088834762573,2025-10-01
4388_283_000,trestle,22,13,286,286.0,21.878693,13.080044,6.788115,14012,8211,0.2882843017578125,0.0401458740234375,2025-07-16
4388_293_000,trestle,22,13,286,286.0,21.878693,13.079815,6.787528000000001,16150,9840,0.324798583984375,0.0423586368560791,2025-10-01
4388_663_000,trestle,22,16,352,352.0,21.88330000000002,15.732182,6.814834999999999,15810,9008,0.32159423828125,0.0396316051483154,2025-10-01
4388_664_000,trestle,22,19,418,418.0,21.88122500000003,18.564647,6.8223780000000005,15950,9037,0.30194091796875,0.039137840270996,2025-10-01
4388_673_000,trestle,22,16,352,352.0,21.88214099999999,15.732179999999998,6.841145999999998,15891,9083,0.3220062255859375,0.041499376296997,2025-11-26
4388_674_000,trestle,22,19,418,418.0,21.88122500000003,18.564641,6.822426,15927,9013,0.2991943359375,0.0389192104339599,2025-11-26
4388_683_000,trestle,22,15,330,330.0,21.87912,15.063950000000002,6.790341999999999,15006,9002,0.3226470947265625,0.0394842624664306,2025-11-26
4388_693_000,trestle,22,15,330,330.0,21.87912,15.063948,6.790343999999999,14971,8981,0.3233642578125,0.0393266677856445,2025-11-12
4389_126_000,trestle,14,6,84,84.0,14.150002,6.360000000000003,9.312825,4608,2688,0.09075927734375,0.0155489444732666,2025-11-12
4389_136_000,trestle,14,6,84,84.0,14.150002,6.360000999999997,9.313323999999998,4736,2707,0.0911712646484375,0.0159356594085693,2025-10-15
4389_149_000,trestle,15,4,60,60.0,14.600944999999996,3.532821000000002,15.104118999999995,6657,3862,0.11968994140625,0.0332269668579101,2025-10-15
4389_159_000,trestle,15,4,60,60.0,14.600944999999996,3.5328219999999995,15.104110000000002,6378,3649,0.1134796142578125,0.0246083736419677,2025-08-20
4389_162_000,trestle,22,4,88,88.0,21.850489,3.531549000000002,12.209829000000004,6503,4057,0.130859375,0.0195353031158447,2025-08-20
4389_172_000,trestle,22,4,88,88.0,21.850489,3.5315499999999997,12.209829000000004,6557,4066,0.130523681640625,0.0230140686035156,2025-07-02
4389_20F,crane,19,51,969,969.0,18.75624099999999,51.050003,31.814998,188429,115706,3.1221923828125,0.4569382667541504,2025-10-01
4389_20G,crane,21,51,1071,1071.0,20.709351,51.050003,31.814998,126617,80557,2.202667236328125,0.3151564598083496,2025-12-10
4389_20H,crane,35,51,1785,1785.0,34.914063,51.038782,21.259468,152195,92110,2.624908447265625,0.3754351139068603,2025-12-10
4389_20K,crane,19,51,969,969.0,19.398056000000025,51.050003,31.81146,101889,62587,1.8291168212890625,0.2554068565368652,2025-12-10
4389_20L,crane,21,51,1071,1071.0,20.88845799999996,51.050003,31.810999,151722,92435,2.762786865234375,0.4008479118347168,2025-12-24
4389_20Y,crane,98,51,4998,4998.0,98.366012,51.050003,31.817937,703240,446918,12.43402099609375,3.3011369705200195,2025-12-24
4389_283_000,trestle,22,13,286,286.0,21.878693,13.080044,6.788115,14034,8226,0.28912353515625,0.0419797897338867,2025-07-02
4389_293_000,trestle,22,13,286,286.0,21.878693,13.07981,6.788116,14059,8175,0.2910003662109375,0.0393042564392089,2025-09-17
4389_643_000,trestle,22,8,176,176.0,21.863220000000013,8.480666,9.313492,13175,7664,0.2729949951171875,0.0528566837310791,2025-09-17
4389_653_000,trestle,22,8,176,176.0,21.865081999999973,8.480664999999998,9.313487000000002,13114,7504,0.266204833984375,0.0355165004730224,2025-09-17
4389_663_000,trestle,22,16,352,352.0,21.88330000000002,15.732182,6.814834999999999,15843,9019,0.3222808837890625,0.042790412902832,2025-12-03
4389_664_000,trestle,22,19,418,418.0,21.88122500000003,18.564647,6.8223780000000005,15742,8868,0.297119140625,0.0396344661712646,2025-12-03
4389_673_000,trestle,22,16,352,352.0,21.88214099999999,15.732179999999998,6.841145999999998,15872,9070,0.321044921875,0.0508160591125488,2025-08-06
4389_674_000,trestle,22,19,418,418.0,21.88122500000003,18.564641,6.822426,15750,8847,0.294891357421875,0.0429344177246093,2025-08-06
4389_683_000,trestle,22,15,330,330.0,21.87912,15.063950000000002,6.790341999999999,14662,8430,0.28594970703125,0.0383100509643554,2025-08-06
4389_693_000,trestle,22,15,330,330.0,21.87912,15.063948,6.790343999999999,14703,8434,0.2859039306640625,0.0400397777557373,2025-12-24
4390_126_000,trestle,14,6,84,84.0,14.150002,6.360000000000003,9.312825,4605,2680,0.0903778076171875,0.0165059566497802,2025-12-24
4390_136_000,trestle,14,6,84,84.0,14.150002,6.360000999999997,9.313323999999998,4723,2703,0.0907440185546875,0.0150163173675537,2025-09-24
4390_149_000,trestle,15,4,60,60.0,14.600944999999996,3.532821000000002,15.104118999999995,6645,3858,0.119293212890625,0.0261707305908203,2025-09-24
4390_159_000,trestle,15,4,60,60.0,14.600944999999996,3.5328219999999995,15.104110000000002,6409,3664,0.113128662109375,0.019153356552124,2025-09-24
4390_162_000,trestle,22,4,88,88.0,21.850489,3.531549000000002,12.209829000000004,6521,4062,0.1324462890625,0.0209767818450927,2025-06-11
4390_172_000,trestle,22,4,88,88.0,21.850489,3.5315499999999997,12.209829000000004,6569,4074,0.1308746337890625,0.0200107097625732,2025-06-11
4390_20F,crane,19,51,969,969.0,18.75624099999999,51.050003,31.814998,189286,116692,3.3033447265625,0.4767141342163086,2025-10-08
4390_20G,crane,21,51,1071,1071.0,20.89093,51.050003,31.814998,128806,84248,2.821884155273437,0.4044008255004883,2025-10-08
4390_20H,crane,35,51,1785,1785.0,34.92010500000001,51.038782,21.259468,200356,122981,3.585906982421875,0.5289850234985352,2025-10-08
4390_20K,crane,19,51,969,969.0,19.398056000000025,51.050003,31.81146,101872,62765,1.851470947265625,0.2420852184295654,2025-11-19
4390_20L,crane,21,51,1071,1071.0,20.88845799999996,51.050003,31.810999,130599,79916,2.412322998046875,0.3213484287261963,2025-11-19
4390_20Y,crane,98,51,4998,4998.0,98.366012,51.050003,31.817937,703449,447396,12.430267333984377,3.2971205711364746,2025-12-17
4390_283_000,trestle,22,13,286,286.0,21.878693,13.080044,6.788115,13990,8184,0.299072265625,0.0499627590179443,2025-06-11
4390_293_000,trestle,22,13,286,286.0,21.878693,13.07981,6.788116,14048,8176,0.3005218505859375,0.039663553237915,2025-10-29
4390_643_000,trestle,22,8,176,176.0,21.863220000000013,8.48065,9.313492,14227,9151,0.4650421142578125,0.0585973262786865,2025-10-29
4390_653_000,trestle,22,8,176,176.0,21.865081999999973,8.480649999999997,9.313487000000002,14258,8906,0.4674072265625,0.0573859214782714,2025-08-27
4390_663_000,trestle,22,16,352,352.0,21.88330000000002,15.732182,6.814834999999999,15797,9017,0.3219757080078125,0.0429368019104003,2025-08-27
4390_664_000,trestle,22,19,418,418.0,21.88122500000003,18.564647,6.8223780000000005,15721,8880,0.2968902587890625,0.0419058799743652,2025-06-25
4390_673_000,trestle,22,16,352,352.0,21.88214099999999,15.732179999999998,6.841145999999998,15891,9090,0.3227081298828125,0.0448615550994873,2025-06-25
4390_674_000,trestle,22,19,418,418.0,21.88122500000003,18.564641,6.822426,15749,8822,0.2943572998046875,0.0403213500976562,2025-06-25
4390_683_000,trestle,22,15,330,330.0,21.87912,15.06412,6.790341999999999,15710,9621,0.489959716796875,0.0644674301147461,2025-06-18
4390_693_000,trestle,22,15,330,330.0,21.87912,15.063948,6.790343999999999,15731,9610,0.498687744140625,0.0651345252990722,2025-06-18
4391_126_000,trestle,14,6,84,84.0,14.150002,6.360000000000003,9.312825,4617,2681,0.0905303955078125,0.0182926654815673,2025-12-10
4391_136_000,trestle,14,6,84,84.0,14.150002,6.360000999999997,9.313323999999998,4757,2708,0.0906829833984375,0.0176987648010253,2025-12-10
4391_162_000,trestle,22,4,88,88.0,21.850489,3.531549000000002,12.209829000000004,6494,4055,0.131500244140625,0.0235476493835449,2025-08-13
4391_172_000,trestle,22,4,88,88.0,21.850489,3.5315499999999997,12.209829000000004,6575,4068,0.13067626953125,0.0223314762115478,2025-08-13
4391_20F,crane,19,51,969,969.0,18.75624099999999,51.050003,31.814998,189223,116666,3.3068389892578125,0.4854025840759277,2025-12-17
4391_20G,crane,21,51,1071,1071.0,20.89093,51.050003,31.814998,125063,79731,2.3308563232421875,0.3142070770263672,2025-11-05
4391_20H,crane,35,51,1785,1785.0,34.92010500000001,51.038782,21.259468,188375,114868,3.49993896484375,0.5031976699829102,2025-11-05
4391_20K,crane,19,51,969,969.0,19.398056000000025,51.050003,31.81146,102060,62630,1.88360595703125,0.2560021877288818,2025-11-05
4391_20L,crane,21,51,1071,1071.0,20.88845799999996,51.050003,31.810999,153723,93939,2.88818359375,0.4094564914703369,2025-09-03
4391_20Y,crane,98,51,4998,4998.0,98.353584,51.050003,31.814998,631724,398156,10.822509765625,2.7643442153930664,2025-09-03
4391_283_000,trestle,22,13,286,286.0,21.878693,13.080044,6.788115,14017,8193,0.2999267578125,0.0471789836883544,2025-11-19
4391_293_000,trestle,22,13,286,286.0,21.878693,13.07981,6.788116,13958,8131,0.3016357421875,0.0371904373168945,2025-11-19
4391_628_000,trestle,20,6,120,120.0,19.571121000000005,5.765001000000002,23.78583,14006,8800,0.2824554443359375,0.0370783805847168,2025-07-09
4391_629_000,trestle,16,6,96,96.0,15.651901999999978,5.765001000000002,20.894002,14670,9346,0.2931060791015625,0.0381054878234863,2025-07-09
4391_638_000,trestle,20,6,120,120.0,19.571121000000005,5.765001999999999,23.785907,14055,8871,0.2877349853515625,0.0361254215240478,2025-06-04
4391_639_000,trestle,16,6,96,96.0,15.651901999999978,5.765001999999999,20.893838,14508,9075,0.286956787109375,0.0383625030517578,2025-06-04
4391_643_000,trestle,22,8,176,176.0,21.863220000000013,8.480666,9.313492,13175,7662,0.2726287841796875,0.0340518951416015,2025-07-30
4391_653_000,trestle,22,8,176,176.0,21.865081999999973,8.480664999999998,9.313487000000002,13188,7544,0.267822265625,0.0346629619598388,2025-07-30
4391_663_000,trestle,22,16,352,352.0,21.88330000000002,15.732182,6.814834999999999,16436,9994,0.543426513671875,0.0637924671173095,2025-07-30
4391_664_000,trestle,22,19,418,418.0,21.88122500000003,18.564647,6.8223780000000005,15733,8876,0.2969818115234375,0.0364739894866943,2025-10-08
4391_673_000,trestle,22,16,352,352.0,21.88214099999999,15.732179999999998,6.841145999999998,16498,9999,0.550506591796875,0.0617752075195312,2025-10-08
4391_674_000,trestle,22,19,418,418.0,21.88122500000003,18.564641,6.822426,15761,8828,0.2941741943359375,0.0376641750335693,2025-10-08
4391_683_000,trestle,22,15,330,330.0,21.87912,15.063950000000002,6.790341999999999,14704,8456,0.290771484375,0.0351197719573974,2025-09-10
4391_693_000,trestle,22,15,330,330.0,21.87912,15.063948,6.790343999999999,14687,8440,0.2892303466796875,0.0368034839630126,2025-09-10
4392_126_000,trestle,14,6,84,84.0,14.150002,6.360000000000003,9.312825,4601,2680,0.0904693603515625,0.0171544551849365,2025-09-10
4392_136_000,trestle,14,6,84,84.0,14.150002,6.360000999999997,9.313323999999998,4752,2708,0.090789794921875,0.0157160758972167,2025-07-23
4392_20F,crane,19,51,969,969.0,18.75624099999999,51.050003,31.814998,189110,116627,3.303558349609375,0.4791421890258789,2025-09-03
4392_20G,crane,21,51,1071,1071.0,20.89093,51.050003,31.814998,125473,80222,2.3397369384765625,0.3165197372436523,2025-11-12
4392_20H,crane,35,51,1785,1785.0,34.92010500000001,51.038782,21.259468,203405,124968,3.762908935546875,0.5600521564483643,2025-11-12
4392_20K,crane,19,51,969,969.0,19.398056000000025,51.050003,31.81146,101941,62727,1.88720703125,0.2487497329711914,2025-11-12
4392_20L,crane,21,51,1071,1071.0,20.88845799999996,51.050003,31.810999,153441,93299,2.8332977294921875,0.3899362087249756,2025-09-10
4392_20Y,crane,98,51,4998,4998.0,98.366012,51.050003,31.814998,686574,438626,12.795440673828123,3.7003798484802246,2025-09-10
4392_283_000,trestle,22,13,286,286.0,21.878693,13.080044,6.788115,14012,8195,0.2982635498046875,0.0515670776367187,2025-07-23
4392_293_000,trestle,22,13,286,286.0,21.878693,13.07981,6.788116,14029,8130,0.29864501953125,0.041452407836914,2025-09-03
4392_628_000,trestle,20,6,120,120.0,19.550400000000025,5.765001000000002,23.78583,13624,8287,0.2470855712890625,0.0365605354309082,2025-09-03
4392_629_000,trestle,16,6,96,96.0,15.651901999999978,5.765001000000002,20.894002,13161,7849,0.2364044189453125,0.035154104232788,2025-09-03
4392_638_000,trestle,20,6,120,120.0,19.550400000000025,5.765001999999999,23.785907,13786,8355,0.2473297119140625,0.0376632213592529,2025-12-31
4392_639_000,trestle,16,6,96,96.0,15.651901999999978,5.765001999999999,20.893838,12972,7640,0.2306060791015625,0.0362706184387207,2025-12-31
4392_643_000,trestle,22,8,176,176.0,21.863220000000013,8.480666,9.313492,13375,7753,0.27410888671875,0.0380270481109619,2025-12-17
4392_644_000,trestle,22,18,396,396.0,21.646483999999987,17.984073,9.335165,20924,12631,0.47943115234375,0.0527956485748291,2025-12-17
4392_653_000,trestle,22,8,176,176.0,21.865081999999973,8.480649999999997,9.313487000000002,13293,7578,0.2688446044921875,0.0359611511230468,2025-10-22
4392_654_000,trestle,22,18,396,396.0,21.646483999999987,17.984071999999998,9.336377,20837,12437,0.4786376953125,0.0503900051116943,2025-10-22
4392_663_000,trestle,22,16,352,352.0,21.88330000000002,15.732182,6.814834999999999,15852,9030,0.3231658935546875,0.0434262752532959,2025-10-22
4392_673_000,trestle,22,16,352,352.0,21.89364599999999,15.732179999999998,6.841145999999998,15906,9081,0.3226776123046875,0.0401177406311035,2025-11-05
4392_683_000,trestle,22,15,330,330.0,21.87912,15.063950000000002,6.790341999999999,14737,8449,0.290924072265625,0.0439302921295166,2025-11-05
4392_693_000,trestle,22,15,330,330.0,21.87912,15.063948,6.790343999999999,14738,8452,0.2894744873046875,0.0466816425323486,2025-07-16
4393_126_000,trestle,14,6,84,84.0,14.150002,6.360000000000003,9.312825,4610,2680,0.090545654296875,0.0198571681976318,2025-07-16
4393_136_000,trestle,14,6,84,84.0,14.150002,6.360000999999997,9.313323999999998,4731,2706,0.09112548828125,0.018306016921997,2025-07-16
4393_20F,crane,19,51,969,969.0,18.60089099999999,51.041952,31.814998,104374,60651,1.7362213134765625,0.2504489421844482,2025-09-10
4393_20G,crane,21,51,1071,1071.0,21.084900000000005,51.050003,31.814998,125519,80399,2.383773803710937,0.3357052803039551,2025-12-31
4393_20H,crane,35,51,1785,1785.0,34.92010500000001,51.038782,21.259468,203259,124700,3.768020629882813,0.5734035968780518,2025-12-31
4393_20K,crane,19,51,969,969.0,19.398056000000025,51.050003,31.81146,102125,62744,1.8882904052734373,0.2573270797729492,2025-10-15
4393_20L,crane,21,51,1071,1071.0,20.88845799999996,51.050003,31.810999,153628,93373,2.85711669921875,0.4011750221252441,2025-10-15
4393_20Y,crane,98,51,4998,4998.0,98.366012,51.050003,31.814998,705742,449093,13.077560424804688,3.741349458694458,2025-10-22
4393_213_000,trestle,22,25,550,550.0,21.875884999999982,24.550562,6.127809999999999,33076,20149,0.7245635986328125,0.1004302501678466,2025-10-01
4393_283_000,trestle,22,13,286,286.0,21.878693,13.079814,6.786603,16289,9923,0.321441650390625,0.0425465106964111,2025-10-01
4393_293_000,trestle,22,13,286,286.0,21.878693,13.079815,6.787528000000001,16145,9840,0.32470703125,0.0409064292907714,2025-10-01
4393_628_000,trestle,20,6,120,120.0,19.550400000000025,5.765001000000002,23.78583,13632,8278,0.24847412109375,0.0354228019714355,2025-11-26
4393_629_000,trestle,16,6,96,96.0,15.651901999999978,5.765001000000002,20.894002,13179,7880,0.236968994140625,0.0352725982666015,2025-11-26
4393_638_000,trestle,20,6,120,120.0,19.550400000000025,5.765001999999999,23.785907,13786,8357,0.2474212646484375,0.0365235805511474,2025-11-26
4393_639_000,trestle,16,6,96,96.0,15.651901999999978,5.765001999999999,20.893838,13027,7647,0.2305450439453125,0.0356717109680175,2025-11-12
4393_643_000,trestle,22,8,176,176.0,21.863220000000013,8.48065,9.313492,13372,7729,0.2751922607421875,0.0361773967742919,2025-11-12
4393_644_000,trestle,22,18,396,396.0,21.646483999999987,17.984073,9.335165,20893,12628,0.4793548583984375,0.0484251976013183,2025-11-12
4393_653_000,trestle,22,8,176,176.0,21.865081999999973,8.480649999999997,9.313487000000002,13265,7570,0.268402099609375,0.0353593826293945,2025-10-15
4393_654_000,trestle,22,18,396,396.0,21.646483999999987,17.984071999999998,9.336377,20822,12421,0.4776153564453125,0.0479078292846679,2025-10-15
4393_683_000,trestle,22,15,330,330.0,21.87912,15.06412,6.790341999999999,14688,8420,0.277099609375,0.0370299816131591,2025-10-15
4393_693_000,trestle,22,15,330,330.0,21.87912,15.063948,6.790343999999999,14672,8392,0.277496337890625,0.0353562831878662,2025-08-20
